{
  "Delete Book" : {
    "transaction" : "Delete Book",
    "sampleCount" : 26,
    "errorCount" : 0,
    "errorPct" : 0.0,
    "meanResTime" : 94.69230769230768,
    "medianResTime" : 93.0,
    "minResTime" : 92.0,
    "maxResTime" : 114.0,
    "pct1ResTime" : 102.4,
    "pct2ResTime" : 111.89999999999999,
    "pct3ResTime" : 114.0,
    "throughput" : 4.605845881310895,
    "receivedKBytesPerSec" : 0.9490561337466785,
    "sentKBytesPerSec" : 1.125166076173605
  },
  "Get Books" : {
    "transaction" : "Get Books",
    "sampleCount" : 27,
    "errorCount" : 0,
    "errorPct" : 0.0,
    "meanResTime" : 403.29629629629625,
    "medianResTime" : 134.0,
    "minResTime" : 120.0,
    "maxResTime" : 3657.0,
    "pct1ResTime" : 914.7999999999977,
    "pct2ResTime" : 3630.2,
    "pct3ResTime" : 3657.0,
    "throughput" : 2.8189601169346417,
    "receivedKBytesPerSec" : 2512.583565527772,
    "sentKBytesPerSec" : 0.4239451738358739
  },
  "Total" : {
    "transaction" : "Total",
    "sampleCount" : 105,
    "errorCount" : 0,
    "errorPct" : 0.0,
    "meanResTime" : 178.9904761904762,
    "medianResTime" : 110.0,
    "minResTime" : 92.0,
    "maxResTime" : 3657.0,
    "pct1ResTime" : 140.0,
    "pct2ResTime" : 193.7999999999996,
    "pct3ResTime" : 3652.98,
    "throughput" : 10.962622676968051,
    "receivedKBytesPerSec" : 2526.8621980384737,
    "sentKBytesPerSec" : 2.1423607485905203
  },
  "Get Book" : {
    "transaction" : "Get Book",
    "sampleCount" : 26,
    "errorCount" : 0,
    "errorPct" : 0.0,
    "meanResTime" : 112.46153846153845,
    "medianResTime" : 111.0,
    "minResTime" : 109.0,
    "maxResTime" : 135.0,
    "pct1ResTime" : 116.80000000000001,
    "pct2ResTime" : 130.09999999999997,
    "pct3ResTime" : 135.0,
    "throughput" : 4.570223237827387,
    "receivedKBytesPerSec" : 21.928454308753736,
    "sentKBytesPerSec" : 0.7144406969590438
  },
  "Post Book" : {
    "transaction" : "Post Book",
    "sampleCount" : 26,
    "errorCount" : 0,
    "errorPct" : 0.0,
    "meanResTime" : 96.88461538461536,
    "medianResTime" : 96.0,
    "minResTime" : 92.0,
    "maxResTime" : 111.0,
    "pct1ResTime" : 103.3,
    "pct2ResTime" : 108.54999999999998,
    "pct3ResTime" : 111.0,
    "throughput" : 4.571026722925457,
    "receivedKBytesPerSec" : 1.1695400404360057,
    "sentKBytesPerSec" : 1.0624066016174403
  }
}