{
  "Post Books" : {
    "transaction" : "Post Books",
    "sampleCount" : 92,
    "errorCount" : 0,
    "errorPct" : 0.0,
    "meanResTime" : 92.64130434782608,
    "medianResTime" : 92.0,
    "minResTime" : 89.0,
    "maxResTime" : 159.0,
    "pct1ResTime" : 96.4,
    "pct2ResTime" : 98.35,
    "pct3ResTime" : 159.0,
    "throughput" : 5.234708392603129,
    "receivedKBytesPerSec" : 1.3393492176386914,
    "sentKBytesPerSec" : 1.2166607396870555
  },
  "Delete Book" : {
    "transaction" : "Delete Book",
    "sampleCount" : 91,
    "errorCount" : 0,
    "errorPct" : 0.0,
    "meanResTime" : 91.56043956043956,
    "medianResTime" : 91.0,
    "minResTime" : 89.0,
    "maxResTime" : 101.0,
    "pct1ResTime" : 95.0,
    "pct2ResTime" : 97.0,
    "pct3ResTime" : 101.0,
    "throughput" : 5.25798809730167,
    "receivedKBytesPerSec" : 1.0834330942682153,
    "sentKBytesPerSec" : 1.2847041659444156
  },
  "Get Books" : {
    "transaction" : "Get Books",
    "sampleCount" : 93,
    "errorCount" : 0,
    "errorPct" : 0.0,
    "meanResTime" : 139.87096774193546,
    "medianResTime" : 96.0,
    "minResTime" : 92.0,
    "maxResTime" : 1863.0,
    "pct1ResTime" : 102.20000000000002,
    "pct2ResTime" : 224.99999999999991,
    "pct3ResTime" : 1863.0,
    "throughput" : 4.770209273697168,
    "receivedKBytesPerSec" : 699.6565401236152,
    "sentKBytesPerSec" : 0.7173947540521133
  },
  "Total" : {
    "transaction" : "Total",
    "sampleCount" : 368,
    "errorCount" : 0,
    "errorPct" : 0.0,
    "meanResTime" : 104.8315217391305,
    "medianResTime" : 93.0,
    "minResTime" : 89.0,
    "maxResTime" : 1863.0,
    "pct1ResTime" : 98.0,
    "pct2ResTime" : 100.55000000000001,
    "pct3ResTime" : 247.86,
    "throughput" : 18.837018837018835,
    "receivedKBytesPerSec" : 705.0338357711404,
    "sentKBytesPerSec" : 3.6848538435452496
  },
  "Get Book" : {
    "transaction" : "Get Book",
    "sampleCount" : 92,
    "errorCount" : 0,
    "errorPct" : 0.0,
    "meanResTime" : 94.72826086956523,
    "medianResTime" : 94.0,
    "minResTime" : 91.0,
    "maxResTime" : 122.0,
    "pct1ResTime" : 98.0,
    "pct2ResTime" : 106.39999999999998,
    "pct3ResTime" : 122.0,
    "throughput" : 5.2376885852547685,
    "receivedKBytesPerSec" : 5.166357546968403,
    "sentKBytesPerSec" : 0.8188892150583547
  }
}