{
  "authors POST" : {
    "transaction" : "authors POST",
    "sampleCount" : 3622,
    "errorCount" : 1353,
    "errorPct" : 37.355053,
    "meanResTime" : 48.51049144119273,
    "medianResTime" : 29.0,
    "minResTime" : 0.0,
    "maxResTime" : 854.0,
    "pct1ResTime" : 79.0,
    "pct2ResTime" : 108.0,
    "pct3ResTime" : 674.54,
    "throughput" : 31.38892981255037,
    "receivedKBytesPerSec" : 45.62855009002001,
    "sentKBytesPerSec" : 7.0081441170671885
  },
  "activities DELETE " : {
    "transaction" : "activities DELETE ",
    "sampleCount" : 3635,
    "errorCount" : 1368,
    "errorPct" : 37.634113,
    "meanResTime" : 41.90123796423668,
    "medianResTime" : 23.0,
    "minResTime" : 0.0,
    "maxResTime" : 927.0,
    "pct1ResTime" : 68.0,
    "pct2ResTime" : 82.0,
    "pct3ResTime" : 677.9199999999996,
    "throughput" : 31.380301630739744,
    "receivedKBytesPerSec" : 44.71644928595785,
    "sentKBytesPerSec" : 4.7401770645389645
  },
  "users DELETE" : {
    "transaction" : "users DELETE",
    "sampleCount" : 3598,
    "errorCount" : 1314,
    "errorPct" : 36.52029,
    "meanResTime" : 29.51556420233464,
    "medianResTime" : 18.0,
    "minResTime" : 0.0,
    "maxResTime" : 824.0,
    "pct1ResTime" : 59.0,
    "pct2ResTime" : 69.04999999999973,
    "pct3ResTime" : 143.00999999999976,
    "throughput" : 31.651638442929404,
    "receivedKBytesPerSec" : 41.88888277985485,
    "sentKBytesPerSec" : 5.477925005498131
  },
  "coverPhotos all GET" : {
    "transaction" : "coverPhotos all GET",
    "sampleCount" : 3607,
    "errorCount" : 1324,
    "errorPct" : 36.706406,
    "meanResTime" : 30.540892708622096,
    "medianResTime" : 17.0,
    "minResTime" : 0.0,
    "maxResTime" : 931.0,
    "pct1ResTime" : 60.0,
    "pct2ResTime" : 71.0,
    "pct3ResTime" : 179.1200000000008,
    "throughput" : 31.532476615088733,
    "receivedKBytesPerSec" : 442.52134453678207,
    "sentKBytesPerSec" : 4.81904012588513
  },
  "coverPhotosCoverPhotosForBook  GET" : {
    "transaction" : "coverPhotosCoverPhotosForBook  GET",
    "sampleCount" : 3603,
    "errorCount" : 1320,
    "errorPct" : 36.636135,
    "meanResTime" : 28.540105467665835,
    "medianResTime" : 17.0,
    "minResTime" : 0.0,
    "maxResTime" : 801.0,
    "pct1ResTime" : 59.0,
    "pct2ResTime" : 68.0,
    "pct3ResTime" : 126.96000000000004,
    "throughput" : 31.570369591504125,
    "receivedKBytesPerSec" : 45.22447195150535,
    "sentKBytesPerSec" : 4.8303759386555205
  },
  "authors all GET" : {
    "transaction" : "authors all GET",
    "sampleCount" : 3625,
    "errorCount" : 1357,
    "errorPct" : 37.434483,
    "meanResTime" : 49.11613793103445,
    "medianResTime" : 28.0,
    "minResTime" : 0.0,
    "maxResTime" : 955.0,
    "pct1ResTime" : 75.0,
    "pct2ResTime" : 121.69999999999982,
    "pct3ResTime" : 668.7399999999998,
    "throughput" : 31.346742532989747,
    "receivedKBytesPerSec" : 942.5829351035956,
    "sentKBytesPerSec" : 4.3436856851317
  },
  "authors DELETE" : {
    "transaction" : "authors DELETE",
    "sampleCount" : 3618,
    "errorCount" : 1344,
    "errorPct" : 37.147594,
    "meanResTime" : 37.10226644555,
    "medianResTime" : 20.0,
    "minResTime" : 0.0,
    "maxResTime" : 878.0,
    "pct1ResTime" : 65.0,
    "pct2ResTime" : 80.0,
    "pct3ResTime" : 584.6199999999999,
    "throughput" : 31.39834590250718,
    "receivedKBytesPerSec" : 43.202955839567295,
    "sentKBytesPerSec" : 5.078008045392219
  },
  "users all GET" : {
    "transaction" : "users all GET",
    "sampleCount" : 3601,
    "errorCount" : 1314,
    "errorPct" : 36.489864,
    "meanResTime" : 28.231324632046615,
    "medianResTime" : 16.0,
    "minResTime" : 0.0,
    "maxResTime" : 867.0,
    "pct1ResTime" : 57.80000000000018,
    "pct2ResTime" : 67.0,
    "pct3ResTime" : 156.72000000000025,
    "throughput" : 31.6096242132706,
    "receivedKBytesPerSec" : 53.31272946274172,
    "sentKBytesPerSec" : 4.776953437030925
  },
  "books PUT" : {
    "transaction" : "books PUT",
    "sampleCount" : 3609,
    "errorCount" : 1328,
    "errorPct" : 36.796898,
    "meanResTime" : 33.99390412856744,
    "medianResTime" : 20.0,
    "minResTime" : 0.0,
    "maxResTime" : 1008.0,
    "pct1ResTime" : 63.0,
    "pct2ResTime" : 75.0,
    "pct3ResTime" : 155.40000000000055,
    "throughput" : 31.491597005287865,
    "receivedKBytesPerSec" : 46.484773798668435,
    "sentKBytesPerSec" : 9.648226511644648
  },
  "books POST" : {
    "transaction" : "books POST",
    "sampleCount" : 3608,
    "errorCount" : 1332,
    "errorPct" : 36.91796,
    "meanResTime" : 33.23004434589798,
    "medianResTime" : 19.0,
    "minResTime" : 0.0,
    "maxResTime" : 829.0,
    "pct1ResTime" : 61.0,
    "pct2ResTime" : 74.0,
    "pct3ResTime" : 181.8199999999997,
    "throughput" : 31.508990716724742,
    "receivedKBytesPerSec" : 46.427488807998635,
    "sentKBytesPerSec" : 9.861612240408883
  },
  "activities GET" : {
    "transaction" : "activities GET",
    "sampleCount" : 3646,
    "errorCount" : 1390,
    "errorPct" : 38.12397,
    "meanResTime" : 57.0282501371366,
    "medianResTime" : 33.0,
    "minResTime" : 0.0,
    "maxResTime" : 874.0,
    "pct1ResTime" : 72.0,
    "pct2ResTime" : 103.0,
    "pct3ResTime" : 740.5299999999997,
    "throughput" : 31.425887139175483,
    "receivedKBytesPerSec" : 48.49305057253553,
    "sentKBytesPerSec" : 4.017905001012765
  },
  "activities PUT " : {
    "transaction" : "activities PUT ",
    "sampleCount" : 3637,
    "errorCount" : 1374,
    "errorPct" : 37.77839,
    "meanResTime" : 42.540830354687884,
    "medianResTime" : 22.0,
    "minResTime" : 0.0,
    "maxResTime" : 867.0,
    "pct1ResTime" : 68.0,
    "pct2ResTime" : 85.0,
    "pct3ResTime" : 680.6199999999999,
    "throughput" : 31.388625183395185,
    "receivedKBytesPerSec" : 47.56788993052559,
    "sentKBytesPerSec" : 7.009859513894882
  },
  "authors PUT" : {
    "transaction" : "authors PUT",
    "sampleCount" : 3619,
    "errorCount" : 1346,
    "errorPct" : 37.192596,
    "meanResTime" : 35.62862669245646,
    "medianResTime" : 20.0,
    "minResTime" : 0.0,
    "maxResTime" : 848.0,
    "pct1ResTime" : 63.0,
    "pct2ResTime" : 76.0,
    "pct3ResTime" : 222.20000000000073,
    "throughput" : 31.4042988918682,
    "receivedKBytesPerSec" : 45.39211883834899,
    "sentKBytesPerSec" : 6.951881999041123
  },
  "books GET" : {
    "transaction" : "books GET",
    "sampleCount" : 3612,
    "errorCount" : 1332,
    "errorPct" : 36.877075,
    "meanResTime" : 52.55149501661119,
    "medianResTime" : 42.0,
    "minResTime" : 0.0,
    "maxResTime" : 845.0,
    "pct1ResTime" : 88.0,
    "pct2ResTime" : 121.34999999999991,
    "pct3ResTime" : 268.5699999999988,
    "throughput" : 31.468622855699117,
    "receivedKBytesPerSec" : 53.17079543053728,
    "sentKBytesPerSec" : 4.593011297057004
  },
  "books DELETE" : {
    "transaction" : "books DELETE",
    "sampleCount" : 3607,
    "errorCount" : 1326,
    "errorPct" : 36.761852,
    "meanResTime" : 31.813418353202156,
    "medianResTime" : 19.0,
    "minResTime" : 0.0,
    "maxResTime" : 849.0,
    "pct1ResTime" : 61.20000000000027,
    "pct2ResTime" : 72.0,
    "pct3ResTime" : 149.0,
    "throughput" : 31.5247600901956,
    "receivedKBytesPerSec" : 42.534896716425735,
    "sentKBytesPerSec" : 5.241497663719869
  },
  "coverPhotos POST" : {
    "transaction" : "coverPhotos POST",
    "sampleCount" : 3603,
    "errorCount" : 1320,
    "errorPct" : 36.636135,
    "meanResTime" : 29.866777685262278,
    "medianResTime" : 18.0,
    "minResTime" : 0.0,
    "maxResTime" : 849.0,
    "pct1ResTime" : 60.0,
    "pct2ResTime" : 69.0,
    "pct3ResTime" : 118.88000000000011,
    "throughput" : 31.587529807827185,
    "receivedKBytesPerSec" : 44.1693506496353,
    "sentKBytesPerSec" : 7.29949304776266
  },
  "users PUT" : {
    "transaction" : "users PUT",
    "sampleCount" : 3598,
    "errorCount" : 1312,
    "errorPct" : 36.464703,
    "meanResTime" : 29.70261256253471,
    "medianResTime" : 18.0,