{
  "authors POST" : {
    "transaction" : "authors POST",
    "sampleCount" : 100,
    "errorCount" : 100,
    "errorPct" : 100.0,
    "meanResTime" : 210.23999999999995,
    "medianResTime" : 213.5,
    "minResTime" : 0.0,
    "maxResTime" : 510.0,
    "pct1ResTime" : 350.9,
    "pct2ResTime" : 405.4999999999999,
    "pct3ResTime" : 509.92999999999995,
    "throughput" : 33.23363243602525,
    "receivedKBytesPerSec" : 96.60406800432038,
    "sentKBytesPerSec" : 1.8372616525423728
  },
  "activities DELETE " : {
    "transaction" : "activities DELETE ",
    "sampleCount" : 100,
    "errorCount" : 100,
    "errorPct" : 100.0,
    "meanResTime" : 184.36,
    "medianResTime" : 180.5,
    "minResTime" : 15.0,
    "maxResTime" : 494.0,
    "pct1ResTime" : 324.00000000000006,
    "pct2ResTime" : 369.6499999999999,
    "pct3ResTime" : 493.77999999999986,
    "throughput" : 41.067761806981515,
    "receivedKBytesPerSec" : 118.8590862422998,
    "sentKBytesPerSec" : 2.070633341889117
  },
  "users DELETE" : {
    "transaction" : "users DELETE",
    "sampleCount" : 100,
    "errorCount" : 100,
    "errorPct" : 100.0,
    "meanResTime" : 112.09000000000007,
    "medianResTime" : 67.5,
    "minResTime" : 0.0,
    "maxResTime" : 2234.0,
    "pct1ResTime" : 209.90000000000006,
    "pct2ResTime" : 260.39999999999986,
    "pct3ResTime" : 2217.9499999999916,
    "throughput" : 20.88118605136772,
    "receivedKBytesPerSec" : 55.79395815932345,
    "sentKBytesPerSec" : 2.3564744727500524
  },
  "coverPhotos all GET" : {
    "transaction" : "coverPhotos all GET",
    "sampleCount" : 100,
    "errorCount" : 100,
    "errorPct" : 100.0,
    "meanResTime" : 412.6899999999998,
    "medianResTime" : 198.5,
    "minResTime" : 1.0,
    "maxResTime" : 2220.0,
    "pct1ResTime" : 1851.5000000000002,
    "pct2ResTime" : 1979.6499999999992,
    "pct3ResTime" : 2219.2699999999995,
    "throughput" : 17.421602787456447,
    "receivedKBytesPerSec" : 48.01829268292683,
    "sentKBytesPerSec" : 1.17595818815331
  },
  "coverPhotosCoverPhotosForBook  GET" : {
    "transaction" : "coverPhotosCoverPhotosForBook  GET",
    "sampleCount" : 100,
    "errorCount" : 100,
    "errorPct" : 100.0,
    "meanResTime" : 391.9099999999999,
    "medianResTime" : 191.0,
    "minResTime" : 1.0,
    "maxResTime" : 2211.0,
    "pct1ResTime" : 1785.4000000000008,
    "pct2ResTime" : 2029.5499999999997,
    "pct3ResTime" : 2210.92,
    "throughput" : 17.51006828926633,
    "receivedKBytesPerSec" : 47.481525509980735,
    "sentKBytesPerSec" : 1.6010426698476623
  },
  "authors all GET" : {
    "transaction" : "authors all GET",
    "sampleCount" : 100,
    "errorCount" : 100,
    "errorPct" : 100.0,
    "meanResTime" : 242.07000000000005,
    "medianResTime" : 252.5,
    "minResTime" : 4.0,
    "maxResTime" : 570.0,
    "pct1ResTime" : 418.8,
    "pct2ResTime" : 451.95,
    "pct3ResTime" : 569.2299999999996,
    "throughput" : 34.50655624568668,
    "receivedKBytesPerSec" : 100.5448261732229,
    "sentKBytesPerSec" : 1.330389492753623
  },
  "authors DELETE" : {
    "transaction" : "authors DELETE",
    "sampleCount" : 100,
    "errorCount" : 100,
    "errorPct" : 100.0,
    "meanResTime" : 248.83000000000004,
    "medianResTime" : 252.5,
    "minResTime" : 1.0,
    "maxResTime" : 530.0,
    "pct1ResTime" : 382.80000000000007,
    "pct2ResTime" : 434.5999999999999,
    "pct3ResTime" : 529.8299999999999,
    "throughput" : 29.036004645760745,
    "receivedKBytesPerSec" : 85.64005108522068,
    "sentKBytesPerSec" : 0.8421575566202091
  },
  "users all GET" : {
    "transaction" : "users all GET",
    "sampleCount" : 100,
    "errorCount" : 100,
    "errorPct" : 100.0,
    "meanResTime" : 153.03000000000003,
    "medianResTime" : 97.0,
    "minResTime" : 0.0,
    "maxResTime" : 2159.0,
    "pct1ResTime" : 227.20000000000005,
    "pct2ResTime" : 274.94999999999976,
    "pct3ResTime" : 2157.229999999999,
    "throughput" : 18.72308556450103,
    "receivedKBytesPerSec" : 49.60429197481745,
    "sentKBytesPerSec" : 2.0405237783186667
  },
  "books PUT" : {
    "transaction" : "books PUT",
    "sampleCount" : 100,
    "errorCount" : 100,
    "errorPct" : 100.0,
    "meanResTime" : 252.20999999999995,
    "medianResTime" : 234.5,
    "minResTime" : 51.0,
    "maxResTime" : 1947.0,
    "pct1ResTime" : 360.9000000000001,
    "pct2ResTime" : 388.74999999999994,
    "pct3ResTime" : 1931.6699999999921,
    "throughput" : 17.946877243359655,
    "receivedKBytesPerSec" : 53.112941941852114,
    "sentKBytesPerSec" : 0.9639436019382628
  },
  "books POST" : {
    "transaction" : "books POST",
    "sampleCount" : 100,
    "errorCount" : 100,
    "errorPct" : 100.0,
    "meanResTime" : 377.51,
    "medianResTime" : 244.5,
    "minResTime" : 0.0,
    "maxResTime" : 2265.0,
    "pct1ResTime" : 446.3000000000003,
    "pct2ResTime" : 1960.35,
    "pct3ResTime" : 2264.94,
    "throughput" : 17.436791630340018,
    "receivedKBytesPerSec" : 50.63906522449869,
    "sentKBytesPerSec" : 1.4209963491717523
  },
  "activities GET" : {
    "transaction" : "activities GET",
    "sampleCount" : 100,
    "errorCount" : 100,
    "errorPct" : 100.0,
    "meanResTime" : 116.84999999999997,
    "medianResTime" : 106.5,
    "minResTime" : 0.0,
    "maxResTime" : 418.0,
    "pct1ResTime" : 207.8,
    "pct2ResTime" : 317.9999999999998,
    "pct3ResTime" : 417.15999999999957,
    "throughput" : 60.64281382656155,
    "receivedKBytesPerSec" : 168.229324590661,
    "sentKBytesPerSec" : 2.7449164266221953
  },
  "activities PUT " : {
    "transaction" : "activities PUT ",
    "sampleCount" : 100,
    "errorCount" : 100,
    "errorPct" : 100.0,
    "meanResTime" : 169.81999999999996,
    "medianResTime" : 159.0,
    "minResTime" : 4.0,
    "maxResTime" : 493.0,
    "pct1ResTime" : 305.5,
    "pct2ResTime" : 336.84999999999997,
    "pct3ResTime" : 492.50999999999976,
    "throughput" : 48.61448711716091,
    "receivedKBytesPerSec" : 140.70096013612056,
    "sentKBytesPerSec" : 3.6831171001458434
  },
  "authors PUT" : {
    "transaction" : "authors PUT",
    "sampleCount" : 100,
    "errorCount" : 100,
    "errorPct" : 100.0,
    "meanResTime" : 218.51,
    "medianResTime" : 233.5,
    "minResTime" : 0.0,
    "maxResTime" : 415.0,
    "pct1ResTime" : 362.5,
    "pct2ResTime" : 386.34999999999985,
    "pct3ResTime" : 414.96,
    "throughput" : 30.84515731030228,
    "receivedKBytesPerSec" : 89.84856955582974,
    "sentKBytesPerSec" : 1.3241729642196176
  },
  "books GET" : {
    "transaction" : "books GET",
    "sampleCount" : 100,
    "errorCount" : 100,
    "errorPct" : 100.0,
    "meanResTime" : 238.69999999999996,
    "medianResTime" : 239.5,
    "minResTime" : 0.0,
    "maxResTime" : 482.0,
    "pct1ResTime" : 335.6,
    "pct2ResTime" : 418.2999999999996,
    "pct3ResTime" : 481.90999999999997,
    "throughput" : 28.61230329041488,
    "receivedKBytesPerSec" : 84.57701850858369,
    "sentKBytesPerSec" : 0.6834540414878397
  },
  "books DELETE" : {
    "transaction" : "books DELETE",
    "sampleCount" : 100,
    "errorCount" : 100,
    "errorPct" : 100.0,
    "meanResTime" : 497.34999999999997,
    "medianResTime" : 235.0,
    "minResTime" : 0.0,
    "maxResTime" : 2257.0,
    "pct1ResTime" : 1918.0,
    "pct2ResTime" : 2067.0499999999993,
    "pct3ResTime" : 2255.5699999999993,
    "throughput" : 17.602534765006162,
    "receivedKBytesPerSec" : 49.44352611776096,
    "sentKBytesPerSec" : 1.119583094965675
  },
  "coverPhotos POST" : {
    "transaction" : "coverPhotos POST",
    "sampleCount" : 100,
    "errorCount" : 100,
    "errorPct" : 100.0,
    "meanResTime" : 199.0799999999999,
    "medianResTime" : 126.0,
    "minResTime" : 21.0,
    "maxResTime" : 2022.0,
    "pct1ResTime" : 288.80000000000007,
    "pct2ResTime" : 440.549999999999,
    "pct3ResTime" : 2020.119999999999,
    "throughput" : 17.238407171177382,
    "receivedKBytesPerSec" : 45.84658760343044,
    "sentKBytesPerSec" : 2.8918101404930185
  },